Key,Value
1,0.747392
2,1.45528
4,1.656
8,2.68381
16,17.0161
32,31.4347
64,36.7937
128,39.2061
256,0.950447
512,0.902796
1024,0.833651
