Key,Value
1,0.598001
2,1.10482
4,1.09485
8,1.16909
16,16.2027
32,31.7421
64,42.7225
128,44.166
256,0.897779
512,0.920197
1024,0.873066
