Key,Value
1,0.308486
2,1.04677
4,2.89147
8,6.57811
16,15.0465
32,36.3413
64,90.5859
128,239.575
256,734.781
512,2507.21
1024,8773.91
