Key,Value
1,0.353208
2,0.995712
4,2.81123
8,6.91686
16,16.5901
32,36.3186
64,98.3172
128,220.242
256,471.479
512,1036.95
1024,2423.64
