Key,Value
1,0.592994
2,1.27581
4,1.24195
8,1.25462
16,19.4696
32,46.8556
64,42.8639
128,88.0132
256,0.918502
512,0.991026
1024,0.970746
