Key,Value
1,0.830947
2,1.5082
4,1.96449
8,3.19105
16,21.5127
32,36.4567
64,56.9444
128,68.6646
256,0.963517
512,0.983948
1024,0.988354
